aa00e076-a212-11ec-932b-3c9509eb1c4c.jpg,[]
71ffb240-a2c0-11ec-8146-3c9509eb1c4c.jpg,['P3RV_P']
989eb56e-a2c0-11ec-b426-3c9509eb1c4c.jpg,['P3RV_P']
633e8ef6-a2c1-11ec-8484-3c9509eb1c4c.jpg,['P3RV_P']
8e6f1c94-a2c2-11ec-b9f4-3c9509eb1c4c.jpg,['P3RV_P']
d0476ee6-a2c3-11ec-b0ad-3c9509eb1c4c.jpg,['P3RV_P']
4a610792-a32e-11ec-9cbe-3c9509eb1c4c.jpg,['Legi52']
534619f8-a32e-11ec-8c51-3c9509eb1c4c.jpg,['Legi52']
0ce6fdc6-a3a8-11ec-b7fb-3c9509eb1c4c.jpg,['882 QAd 75']
fe48f7c2-a3a9-11ec-95a9-3c9509eb1c4c.jpg,['882 QAd 75']
58ccf434-a969-11ec-88bb-3c9509eb1c4c.jpg,['P3RV_P']
03280200-a96e-11ec-9c49-3c9509eb1c4c.jpg,['P3RV_P']
fb87d198-aa28-11ec-ae8c-3c9509eb1c4c.jpg,['P3RV_P']
124b53e8-aa29-11ec-afa7-3c9509eb1c4c.jpg,['P3RV_P']
15cc3fa6-aab5-11ec-9721-3c9509eb1c4c.jpg,['P3RV_P']
