c9d4ac28-a323-11ec-99ab-3c9509eb1c4c.jpg,['ISB BQ03R']
d96ad7cc-a323-11ec-b04e-3c9509eb1c4c.jpg,"['SB', '8QOBR']"
db9f668c-a323-11ec-a7e7-3c9509eb1c4c.jpg,"['SB', '8 QOBRE']"
de4620da-a96e-11ec-8815-3c9509eb1c4c.jpg,['FH: 193OP;']
e0d6a4b4-a96e-11ec-a6f1-3c9509eb1c4c.jpg,['FH193 QP_']
e45d3902-a96e-11ec-bbb0-3c9509eb1c4c.jpg,['FH 193OP']
2e914228-a96f-11ec-ac6e-3c9509eb1c4c.jpg,['AM666EE]']
35b49892-a96f-11ec-9d1c-3c9509eb1c4c.jpg,['AM666EE']
4e1086c6-a96f-11ec-9865-3c9509eb1c4c.jpg,[]
bfa67c82-a96f-11ec-8fc7-3c9509eb1c4c.jpg,"['MC', '151', 'EB']"
c7514cec-a96f-11ec-a0d9-3c9509eb1c4c.jpg,['Am666 EE']
cc137a6c-a96f-11ec-ae3f-3c9509eb1c4c.jpg,['AM666 EE']
ce87eef8-a96f-11ec-8d98-3c9509eb1c4c.jpg,['AM666EE']
8081a5d2-aa29-11ec-9ad6-3c9509eb1c4c.jpg,['Arer ']
84d42e82-aa29-11ec-ba95-3c9509eb1c4c.jpg,['AM666 EE']
bfb740a8-aabb-11ec-be03-3c9509eb1c4c.jpg,['AM666 EE]']
